free,genre,name
Payment Required,Productivity,Notion Freelance OS
Free,Marketing,AI Detector by Content at Scale
Free,Open Source,"Laudspeaker v1.1.0: Email, sms and push"
Free,Writing,GrammarlyGO
Free,Productivity,OpenCommit
Free,Hiring,The Interview
Free Options,Productivity,ReviewLayer
Free,Chrome Extensions,Shopify Scraper &amp; Downloader
Free Options,Android,DIKIDI
Free,Hiring,VanillaHR Hiring Platform
Free Options,Productivity,Cuely - Prompt-engineering made simple
Free,Fintech,PortfolioPilot Insights
Free Options,SaaS,SolidityScan
Free,Chrome Extensions,ChatSonic Chrome Extension
Free Options,Web App,June 3.0
Free Options,Privacy,ClearVPN 2
Free Options,Productivity,Rows 2.0
Free Options,Productivity,Dashworks for Slack
Free Options,Email,lemlist 4.0
Free,Productivity,Magical AI
Free Options,Health &amp; Fitness,Nara
Free Options,iOS,clearspace
Free Options,Chrome Extensions,Storylane 2.0
Free,Social Media,Anyone
Free Options,Hiring,Resume Builder
Free Options,Sales,trumpet
Free Options,Developer Tools,Dynamic
Free Options,iOS,Hourlytics
Free,Mac,Snippet Explorer by Raycast
Free,Marketing,50 Digital Product Ideas
Free,User Experience,Smart Notification Bar
Free,Design Tools,ChatGPT Tailwind Components
Free Options,Productivity,Attio
Free Options,API,ScrapeNinja
Free,Artificial Intelligence,HeyBot
Free,Chrome Extensions,Papier
Free Options,Education,Teddy AI
Free,Productivity,Prompt
Free,Social Network,Solcial
Free,Sneakers &amp; Shoes,.SWOOSH
Payment Required,Marketing,Launch Blue
Free,Education,150+ Historic Figures Prompt Templates
Free Options,Design Tools,Blank Design System
Free,Analytics,promotions.fyi
Free,Productivity,Zeeno.ai
Free,Social Network,KloutUp
Free,Education,100+ Teachers Prompt Templates
Free,Health &amp; Fitness,Melany AI
Free,Artificial Intelligence,NoCodeNinja: Ultimate No-Code Tools
Payment Required,Accounting,Notion Budget and Subscription Tracker
Free Options,Web App,MikeAI - Personalized AI Fitness Coach
Free,Productivity,SocialBu for Mastodon
Free Options,Chrome Extensions,Monica
Free Options,Productivity,Hubble
Free Options,Android,Linkr.com
Free Options,Customer Communication,Olvy Changelog
Free Options,User Experience,Sprig + Amplitude
Free,Startup Books,Startup 101
Free Options,Hiring,ViewCoder
Free,Marketing,ChatSpot
Free,Developer Tools,Waldo Sessions
Payment Required,Design Tools,Unpredictably.io
Free Options,Fintech,Causal for Startups
Free Options,Fashion,Deep Agency
Free,Chrome Extensions,Martian Wallet
Payment Required,Analytics,eqtble 2.0
Free Options,Marketing,Moonio
Free,Productivity,TimeTo by Morgen
Free,iOS,Flip Clocker
Free Options,Design Tools,Userbrain
Free Options,API,Opkit
Free,Chrome Extensions,ChatGPT for YouTube
Free Options,Productivity,Whimsical AI for Mind Maps
Free,Design Tools,Edit.photo
Free,Marketing,Blockenberg
Free,Android,Hevy
Free Options,Education,HSK Tracker
Free Options,Design Tools,Hueman Pixel
Free Options,Artificial Intelligence,ChurchAi
Free,iOS,Faith Forward
Free Options,Productivity,RubgyGPT.ai
Free Options,Newsletters,Stocked AI
Free,Productivity,Versionfeeds
Free,Productivity,Ramadan Planner
Free Options,Productivity,Teamie AI
Free,Productivity,MapDeduce
Free Options,Productivity,Manofix
Payment Required,Health &amp; Fitness,Hypershell
Free Options,SEO,Nino Site
Free,Social Media,Truly.fun
Payment Required,Design Tools,C4 model sticky notes
Free,Design Tools,yawb.io + Notion Integration
Free Options,Writing,Minodor
Free Options,SaaS,Userbase
Payment Required,Productivity,Product Marketing Templates
Payment Required,Tech,Paracable
Free Options,Sales,MagikSystem
Free,Artificial Intelligence,DAOhub
Free Options,Productivity,StealthWriter
Free,Artificial Intelligence,PromptPal
Payment Required,Chrome Extensions,ExtensionKit
Free,Legal,Zuva Contracts AI
Free Options,Developer Tools,Ludo AI
Free,Chrome Extensions,Concisely
Free,Email,Presspool
Free,Productivity,Big AI List
Free,Productivity,Grammar-GPT
Free,Productivity,Swift Board
Free,Productivity,Arvin
Free,Analytics,Culturama
Free Options,Customer Success,Rulebricks
Free,Android,Head On
Free,Customer Success,Kaila
Free Options,Productivity,Lens
Free Options,Customer Communication,SupportGPT
Free,Productivity,Asterix Writer
Free,Newsletters,Newsletter Navigator
Free Options,Design Tools,Usera
Free,Email,EzMail.AI Extension
Free,Android,Poemly
Free,Android,Habit
Free Options,Artificial Intelligence,MyRoomDesigner.ai
Free,Android,GoTodo
Free Options,Investing,Awaken Tax
Free,Hiring,Fallcha AI Onboarding Plans
Free,Design Tools,Snapsht
Free Options,Design Tools,Horizon UI Tailwind
Payment Required,Notion,Notion Website Builder Guide
Free,Messaging,KnowBuddy.AI
Free,Chrome Extensions,Dopanope
Free,Chrome Extensions,GitHub Repository Explorer
Free,Design Tools,B12 Free Websites
Free Options,Design Tools,MagicBrushAI
Free Options,Fintech,StockAlgos.com Insiders Tool
Free Options,SaaS,Plato
Free,Marketing,Audience First Handbook
Free,Fintech,BitsForDigits 3.0
Free Options,Productivity,Momentum Sales AI
Free Options,Open Source,Infisical
Free Options,API,Waivr API
Free Options,Chrome Extensions,FinalScout
Payment Required,Fintech,Vauban Deals
Free,No-Code,Graphy Lite
Free Options,Productivity,AI Lawyer
Free,iOS,CardGifty
Free,Messaging,Chat.D-ID
Free,Productivity,Chat by Copy.ai
Free,Productivity,Brodkast App - A cool way to BCC message
Free,Open Source,DPAPI Multiplayer
Free,Fashion,FitPick
Payment Required,Music,Sonos Era 300
Payment Required,Productivity,Eisenhower Matrix Notion Template
Free,Productivity,Arpal soundscapes
Free Options,Productivity,blogs.fyi
Free Options,Sales,Success App
Payment Required,Productivity,Light Invoice
Free Options,Productivity,failSnapr
Free,Email,tldr.ltd
Free,Artificial Intelligence,Ai LiLi
,Robots,anywebsite.ai
Free Options,Hiring,SparkleCV
Free Options,Chrome Extensions,ChatGPT for Vimeo
Free Options,API,Auto-Hashtag API
Payment Required,Design Tools,Doodles and Scribbles
Free,Design Tools,Valentina Studio 13
Free Options,Education,Dicty
Payment Required,Finance,Notion Debt Tracker
Payment Required,Art,Midprompts
Free Options,Email,Replix AI
Free,Social Media,MastoMetrics
Payment Required,Apple Watch,watchGPT
Free,Artificial Intelligence,Giftdeas AI
Free Options,Productivity,RetroAlly
Free Options,Customer Success,MeyaGPT
Free,Health &amp; Fitness,Depth
Free,Productivity,Formtoo
Free,Email Marketing,Carbon Calculator for Email
Payment Required,Retro Games,Playmaker
Free Options,Productivity,Marve Chat by SinCode AI
Free Options,Artificial Intelligence,YData SDK
Payment Required,Productivity,Plantbuddy
Free,Social Media,YouTunnel
Free,Productivity,Present Wizard
Free,Web App,APIRank.dev
Free,Design Tools,RhetorAI
Free Options,Productivity,GoLinks Search Powered by ChatGPT
Free,Productivity,MacLibrary
Free Options,Android,PMcardio
Free,Chrome Extensions,Just For Today by Fred (Not Freud)
Free Options,Music,The New Spotify
Free Options,Email,AutoUnsubscribe
Free,Slack,Flow Club for Communities
Free,Marketing,AI Testimonial Generator
Free Options,Design Tools,Frontender
Free Options,Productivity,Tailwind Ghostwriter A.I.
Free Options,Productivity,Zenhub Issues
Free Options,Marketing,UChat
Free Options,Developer Tools,Uiflow Studio 2.0
Free,Marketing,House of Pitch
Free Options,Newsletters,Reletter
Free,Health &amp; Fitness,Ruta Health
Free,Newsletters,The Neuron
Free,iOS,Snoozy
Free,Writing,FusionAI
Free,Fintech,Karma Wallet
Free Options,Health &amp; Fitness,Pactto Replay
Free,Developer Tools,Omlet
Free Options,Fintech,LTSE Equity
Free Options,SaaS,Second
Free,Social Media,AI Social Post Generator by SocialBee
Free,Productivity,The AI Creator Hub by Kajabi
Payment Required,Writing,Think Like A Great Copywriter
Free,Design Tools,Miro AI
Free Options,Writing,Type
Free,Hiring,Cover LetterAI by Wonsulting
Free Options,Fintech,Dark Pools AI
Payment Required,Design Tools,Create Videos with AI
Free Options,News,HN+ : HackerNews Plus
Free,API,SearQ
Free,User Experience,Jumpin.Space
Free,Design Tools,Second Brain for Creatives
Free Options,SaaS,Lightrun Observability Platform
Free Options,Writing,The Pocket Copy
Free,Developer Tools,Mottle Bot
Free Options,Remote Work,AbstractOps State Compliance
Free Options,Delivery,EcomDio
Free,Analytics,Mozart Data Sonata
